date,facility_id,fuel_type,consumption,unit,region,year,extra_col
2021/08/23,,natural_gas,3642.3550990297936,kwh,,,
2025/01/09,FAC002,diesel_fuel,5778.623983788192,KWH,,,x
,SITE_A,fuel_oil,7189,KWH,EU,2019,x
2025/03/28,FAC002,natural_gas,2403.2985419671513,kilowatt-hour,,,x
,FAC002,fuel_oil,3585,kilowatt-hour,UK,,
,FAC001,coal,1346.4453724435948,therms,EU,,
2023/12/10,SITE_A,naturalgas,2840.567203377176,therms,UK,2023,
27/02/2021,SITE_A,fuel_oil,821.732481663731,kilowatt-hour,EU,,
10/05/2025,,naturalgas,6017,mwh,,,
02-27-2020,,fuel_oil,5142.201599818375,kwh,,2020,
2025-11-29,SITE_A,fuel_oil,3106,kilowatt-hour,,2025,
2025/11/13,,coal,8550,therms,,2025,
2025/09/12,FAC002,lpg,5537,KWH,,2025,
01-27-2021,FAC001,fuel_oil,5495.937354683226,mwh,UK,2021,x
2025/03/27,FAC002,biomass,8478.540588040109,kilowatt-hour,,,x
12-23-2020,SITE_A,diesel_fuel,8744,KWH,UK,2020,x
08-17-2021,FAC002,fuel_oil,2456,kilowatt-hour,UK,2021,x
2021/09/10,SITE_A,coal,8523.826498778593,KWH,,2021,x
09/05/2025,FAC001,diesel_fuel,4926,KWH,,,x
26/03/2019,FAC002,naturalgas,2164.639804907059,kwh,,,x
,,natural_gas,6564.198636603935,kwh,UK,,
28/12/2024,SITE_A,diesel_fuel,1473.1241954450459,KWH,,2024,
,FAC001,natural_gas,697,KWH,,2025,x
2025-01-11,FAC002,coal,5482.499490521757,therms,EU,,
08/07/2025,FAC002,fuel_oil,977,kilowatt-hour,,2025,
07/11/2024,FAC002,lpg,440,kilowatt-hour,,,
02/07/2019,FAC002,biomass,5411,mwh,,2019,
07-05-2025,FAC002,lpg,5642,kwh,,2025,x
05/07/2025,,diesel_fuel,9816,mwh,UK,,
30/11/2025,SITE_A,diesel_fuel,8029,kilowatt-hour,,,
2025-10-22,,biomass,8105.3799499559955,KWH,,,
21/07/2025,FAC002,fuel_oil,3179,kilowatt-hour,,2025,
,SITE_A,naturalgas,8203,kwh,EU,2021,
07-25-2025,FAC001,natural_gas,6770,kilowatt-hour,EU,2025,
,FAC002,biomass,2499.478669199139,KWH,UK,2025,
2021-01-09,FAC002,naturalgas,5381,mwh,UK,2021,x
2025/05/25,,fuel_oil,3873.1912403047545,kwh,EU,2025,
22/04/2022,FAC001,biomass,1605,kwh,EU,,x
31/08/2025,FAC001,natural_gas,4914,mwh,UK,2025,
31/07/2024,SITE_A,naturalgas,8037,kilowatt-hour,EU,2024,
09-25-2025,FAC001,diesel_fuel,8174.222527818463,KWH,EU,2025,x
,FAC002,biomass,8969,kilowatt-hour,,,
2024-02-06,FAC002,coal,1992.9147781371769,KWH,,2024,
2023-04-22,FAC002,fuel_oil,5683,therms,,2023,
2025-09-26,FAC001,coal,8595.31622136329,kwh,,2025,x
12/03/2025,,coal,1008,kilowatt-hour,,,
2023/03/17,FAC002,natural_gas,1033,KWH,,,
11-15-2022,FAC001,lpg,2878,KWH,UK,,
2025-04-23,FAC002,coal,8475.809731785454,kwh,UK,,x
03/10/2024,FAC001,biomass,1788.4025234169903,KWH,UK,,
2025-01-01,FAC001,naturalgas,3118.790300326058,kilowatt-hour,UK,2025,x
2020-09-13,SITE_A,lpg,4750,kilowatt-hour,,2020,x
04-27-2020,FAC001,lpg,6055.415087371326,KWH,,,x
14/01/2021,,lpg,5568,therms,,2021,
2024/02/05,,coal,9230.591270034549,KWH,,,
05/11/2024,FAC002,naturalgas,6928,kwh,EU,2024,
09-29-2025,FAC002,fuel_oil,7750,mwh,EU,,
11-06-2025,FAC001,lpg,7389,kwh,EU,2025,
2022-12-05,,fuel_oil,6847,mwh,EU,2022,x
29/09/2021,FAC002,biomass,2544.600989777037,therms,EU,2021,
2024-09-27,,biomass,9541,mwh,,2024,x
2025/04/04,FAC001,natural_gas,219.66522432258267,therms,,2025,
02-16-2025,,coal,7388.598918062464,mwh,,,
08/12/2021,FAC002,biomass,2273,mwh,,2021,
26/07/2025,SITE_A,diesel_fuel,7656,kwh,,2025,
2025/03/05,FAC001,biomass,5795.464267892447,kilowatt-hour,,2025,
13/08/2025,SITE_A,lpg,6020,kwh,UK,2025,
10-26-2024,FAC001,coal,724,kilowatt-hour,UK,2024,
2023-02-27,SITE_A,fuel_oil,4428,kilowatt-hour,,2023,
2022-05-19,,fuel_oil,1825.7237282015678,mwh,EU,2022,x
2020-05-22,FAC002,fuel_oil,5060,kwh,UK,2020,
2025-01-23,FAC002,diesel_fuel,3741,therms,,2025,
2021-08-30,FAC001,biomass,342.4879759085825,mwh,,,
10-28-2020,FAC001,coal,6963.002092958799,mwh,,2020,
17/10/2025,FAC002,naturalgas,670.0710646689197,kwh,UK,2025,
2021-03-03,,coal,2782.651031440951,kwh,EU,2021,
14/06/2024,,fuel_oil,3123,therms,UK,2024,
20/03/2022,FAC002,coal,4280.78282173232,therms,UK,2022,x
08/11/2025,FAC001,diesel_fuel,6790,KWH,,2025,
01/03/2025,FAC001,fuel_oil,8049.126331919474,kilowatt-hour,,2025,x
29/10/2022,FAC002,fuel_oil,3285.9383004498395,therms,,,
2019/07/29,FAC001,fuel_oil,9884,therms,,2019,x
26/06/2019,FAC001,natural_gas,6294.097092540784,therms,,2019,
14/04/2025,FAC002,lpg,7789,kilowatt-hour,,2025,
2025-07-21,,naturalgas,3347.178301574265,mwh,EU,2025,x
2025-09-10,SITE_A,natural_gas,8105.723772420896,kwh,UK,2025,
13/08/2023,FAC001,fuel_oil,7892,kilowatt-hour,,2023,
11-29-2021,,natural_gas,2538.6558138372357,KWH,EU,2021,
30/03/2025,FAC002,diesel_fuel,2523.2128450371483,mwh,UK,,
,SITE_A,fuel_oil,1795.815319711587,KWH,,2025,
12/03/2025,FAC001,coal,1586.2387327119459,kwh,,2025,x
2020/12/23,FAC002,naturalgas,6645,KWH,UK,,
,SITE_A,lpg,2831,therms,UK,2025,
05/02/2022,FAC002,diesel_fuel,428,mwh,,2022,x
2021-10-23,SITE_A,lpg,7222.289713288067,KWH,EU,2021,
2025/08/22,FAC001,naturalgas,606,mwh,,2025,x
03-04-2019,SITE_A,lpg,329,therms,,2019,x
2024/07/01,FAC002,fuel_oil,4636,kwh,UK,,
03-10-2025,FAC001,biomass,5312,therms,UK,2025,x
2025-09-07,SITE_A,coal,8342,KWH,,2025,
2025-11-18,SITE_A,naturalgas,4526.49122545704,KWH,,2025,x
2025-07-02,,natural_gas,312,KWH,UK,,
2025/07/23,FAC001,fuel_oil,6390,KWH,EU,,x
2023-06-19,SITE_A,naturalgas,6658,kwh,EU,,
2022-11-09,FAC002,natural_gas,9938,therms,UK,2022,
2019-03-18,FAC002,lpg,4685,kwh,UK,2019,
,,coal,9439.130126335223,KWH,,2022,
2025-08-30,FAC001,fuel_oil,6697,KWH,UK,,
30/10/2025,,lpg,5208,therms,,2025,
09-13-2025,FAC001,lpg,5710.287562232107,therms,,,
28/12/2023,SITE_A,biomass,1734.857002686056,kilowatt-hour,,2023,
,,coal,2643.5062162602603,therms,,2022,
2020-10-19,,fuel_oil,4712.310014908028,kilowatt-hour,UK,,
30/06/2024,,diesel_fuel,7352.727848831008,kilowatt-hour,EU,2024,
02/09/2025,FAC002,biomass,9329,mwh,,2025,
17/05/2025,,coal,5160,KWH,EU,2025,x
2020/05/28,FAC002,coal,8298,KWH,UK,2020,
,FAC002,diesel_fuel,2690.4095436922403,kwh,,2025,
11-11-2025,SITE_A,lpg,3597,therms,EU,2025,x
2019/06/26,,fuel_oil,2836,KWH,,2019,x
2025/04/01,,fuel_oil,5473.916490427243,therms,EU,,
10-28-2023,,coal,9517,mwh,,2023,x
2019-08-29,SITE_A,naturalgas,8006,mwh,UK,,
11/10/2022,FAC002,biomass,945,therms,EU,2022,
20/03/2024,,lpg,1411,kwh,UK,,
2025/12/02,SITE_A,biomass,5483,kwh,,2025,
01-31-2025,FAC002,naturalgas,7498,KWH,,,x
2024-06-25,,lpg,4742,therms,UK,2024,x
19/11/2025,SITE_A,fuel_oil,3693,kilowatt-hour,EU,2025,
2025-04-03,SITE_A,naturalgas,4315,therms,,2025,
,SITE_A,naturalgas,1165,kilowatt-hour,EU,2024,x
2025-07-07,SITE_A,biomass,301,kilowatt-hour,,2025,x
2025/04/26,FAC002,naturalgas,5989,mwh,,,
2025-12-04,SITE_A,coal,2918.9674219657854,therms,,,
2025-09-12,FAC001,fuel_oil,9240,KWH,EU,2025,x
29/01/2025,FAC001,diesel_fuel,1315.699223325155,KWH,,2025,
2025-12-06,,lpg,1110,kilowatt-hour,UK,2025,
,FAC001,fuel_oil,8669,mwh,,2025,
2025-05-30,FAC002,naturalgas,2410,therms,,2025,
30/07/2025,FAC001,natural_gas,2446.881760696964,kwh,,2025,
18/05/2023,FAC002,biomass,5906.674221314627,KWH,,,
06-06-2025,,lpg,6944,kwh,,2025,
18/12/2019,FAC001,biomass,5917,kilowatt-hour,,2019,
2024-01-17,SITE_A,biomass,2979,KWH,UK,,
06-05-2020,FAC002,lpg,2458,kwh,,2020,
23/06/2024,FAC001,coal,5773.589735728581,KWH,EU,2024,
2020-06-08,,biomass,4141.208867199267,therms,EU,2020,x
,,lpg,9139.741243999897,kilowatt-hour,,,
2025/01/21,FAC002,natural_gas,7446,therms,EU,,
25/12/2023,,diesel_fuel,1806.2988970654435,kilowatt-hour,UK,,x
03-22-2025,,natural_gas,7213.65388862516,mwh,,,
2023-03-02,FAC001,biomass,7360,kilowatt-hour,,2023,
,,diesel_fuel,6429,mwh,EU,,x
2025/01/30,,lpg,1363,KWH,EU,,
05-31-2024,FAC001,diesel_fuel,5953.156959379837,KWH,,,x
12-14-2019,FAC001,natural_gas,2528.0297393789688,mwh,,,x
2025-05-13,SITE_A,fuel_oil,9002.954257947315,kwh,EU,,
2020-06-01,SITE_A,fuel_oil,6727,kilowatt-hour,UK,,
04/07/2025,SITE_A,natural_gas,7087.844041644988,therms,,2025,
2024/12/13,SITE_A,lpg,2379,kilowatt-hour,,2024,
,SITE_A,biomass,1548.517329320136,therms,,,
2025-02-15,SITE_A,biomass,4172.467637755517,kwh,,2025,
,SITE_A,diesel_fuel,1233.0685159366506,KWH,UK,2020,
2019-07-27,,biomass,8740.53650731712,therms,,2019,
,SITE_A,coal,2753.9858299464127,kwh,,,
2025-06-07,FAC001,fuel_oil,2112,kilowatt-hour,EU,2025,
02-16-2023,FAC001,lpg,8480.175903700636,KWH,,,x
08-16-2019,SITE_A,diesel_fuel,2500,kilowatt-hour,UK,2019,x
2025/10/08,,lpg,2002,kilowatt-hour,EU,,
2025/02/26,FAC001,coal,2990,therms,,2025,x
03/04/2023,,coal,1385,kilowatt-hour,,,
2021/11/10,SITE_A,lpg,9266,kwh,,,
04-13-2022,FAC001,fuel_oil,8113,kwh,EU,2022,
09-25-2025,FAC002,naturalgas,6495.241974292573,kwh,UK,,x
25/04/2021,FAC002,natural_gas,8841.720157270393,KWH,,2021,x
2025/05/03,FAC001,diesel_fuel,4364.706629024333,KWH,EU,,x
,,natural_gas,6557.711158673546,mwh,,2025,x
2025/09/26,FAC002,natural_gas,6738,therms,,2025,
2025-10-31,,lpg,6014.169428700214,mwh,,2025,
2020-01-10,,diesel_fuel,5746,KWH,UK,2020,
2025-01-06,FAC001,coal,9231.49755075415,therms,EU,2025,
2021-12-20,,diesel_fuel,5037.270150267085,therms,UK,2021,x
07-04-2025,SITE_A,diesel_fuel,965,KWH,EU,2025,
12-12-2025,FAC002,lpg,1753,kilowatt-hour,,2025,
2024/08/19,FAC002,diesel_fuel,4447.076320515902,kwh,,,
07-15-2025,FAC001,natural_gas,6155,mwh,EU,2025,
2023-09-16,FAC002,diesel_fuel,5502.030262323515,mwh,EU,2023,x
02/12/2025,SITE_A,biomass,412,kilowatt-hour,,2025,
2019/10/18,,lpg,2712.446873627993,therms,,,x
,,biomass,3702,KWH,,2020,
,FAC002,lpg,1266,kwh,UK,2025,
07-03-2023,FAC001,biomass,629.6963690111933,mwh,,,x
22/09/2025,SITE_A,biomass,1692,KWH,,2025,x
2025/09/17,FAC002,natural_gas,1843,KWH,UK,2025,
2025/03/14,FAC001,lpg,4266,therms,EU,,
13/07/2025,FAC001,natural_gas,7424.9013118050525,kilowatt-hour,UK,2025,x
2023-07-07,,natural_gas,759.6845731261046,kwh,,2023,x
2023/09/27,SITE_A,natural_gas,8884.725977100874,kilowatt-hour,,2023,x
2020-05-25,SITE_A,diesel_fuel,7582,mwh,UK,,
17/02/2021,FAC002,biomass,5165.272101118042,kilowatt-hour,EU,2021,
2025/05/04,FAC001,lpg,6910.853139248358,therms,,,x
10-12-2025,SITE_A,biomass,4419,kwh,,2025,
09-14-2023,SITE_A,coal,3636.711286550059,mwh,,,x
03-02-2020,SITE_A,fuel_oil,1657,therms,EU,,
2025/05/16,FAC001,natural_gas,1505.2564777044142,KWH,EU,2025,x
28/02/2019,,naturalgas,5240,therms,EU,,
2021-08-23,FAC002,natural_gas,9385.645160564056,mwh,EU,2021,
2025-02-01,FAC002,lpg,937.367621370582,mwh,,,x
15/12/2025,SITE_A,biomass,5665.377997766923,mwh,UK,,
2025-10-15,FAC001,fuel_oil,7285,mwh,,,
2025-08-10,FAC002,naturalgas,5077,kilowatt-hour,,2025,
2022-11-30,SITE_A,natural_gas,6256,kwh,,2022,
28/02/2020,FAC001,lpg,6214.515398491875,kwh,EU,2020,
,SITE_A,diesel_fuel,8399,KWH,EU,2024,
2025/10/12,,natural_gas,2362,kilowatt-hour,EU,2025,x
2019-10-29,FAC001,naturalgas,5416.010698337132,kilowatt-hour,,2019,
,FAC002,biomass,1196,kilowatt-hour,UK,2021,x
2023-08-11,FAC001,lpg,8680.692650005043,kilowatt-hour,,2023,
24/08/2022,,natural_gas,5917,therms,,2022,
2025-10-20,FAC002,diesel_fuel,4165,KWH,,,
07-07-2025,,natural_gas,8962.976827729786,kilowatt-hour,,2025,
2023-04-16,FAC002,coal,1684.8379495510953,mwh,UK,,x
2020/11/26,SITE_A,natural_gas,1504,kwh,EU,2020,x
11-22-2024,FAC002,naturalgas,9402.774782181199,KWH,,,x
2025/10/02,SITE_A,diesel_fuel,3683,kilowatt-hour,,,
,,natural_gas,9619,kilowatt-hour,UK,2025,
,FAC001,naturalgas,9238,KWH,EU,2023,x
2024-12-23,SITE_A,fuel_oil,8539.68948691241,kilowatt-hour,,2024,x
2020-03-16,,fuel_oil,2958.787656017959,mwh,,2020,x
2020-12-20,,naturalgas,5314.180750236174,kwh,UK,2020,
2025/04/04,SITE_A,natural_gas,6636,kilowatt-hour,,2025,
05-07-2020,,naturalgas,7146.298585089063,KWH,,2020,x
08-19-2025,FAC002,lpg,2407.439905478556,KWH,EU,,
,,fuel_oil,6047,KWH,,2023,x
2020-05-10,FAC001,diesel_fuel,8102.167083162466,KWH,,2020,
2025-08-04,SITE_A,coal,8314,kilowatt-hour,EU,2025,
2025/06/08,,naturalgas,7832,kwh,,,
08-05-2025,FAC002,fuel_oil,5508,kwh,,2025,
,,lpg,7531.875380042553,kilowatt-hour,UK,2025,
2025-07-19,FAC002,biomass,9304,mwh,EU,,
09-20-2023,,natural_gas,5900,therms,UK,,
08-17-2022,FAC002,lpg,5724,mwh,EU,2022,x
23/04/2025,,biomass,4015,kilowatt-hour,EU,2025,x
29/06/2019,FAC002,coal,379,kwh,EU,,
,FAC001,biomass,9883.511820937065,kilowatt-hour,EU,2025,x
01-18-2025,SITE_A,diesel_fuel,2575.470234598805,therms,,2025,
2025-02-25,FAC002,fuel_oil,9906,KWH,,2025,
16/07/2025,SITE_A,diesel_fuel,8733.953398693635,mwh,EU,2025,
2025/07/06,FAC002,fuel_oil,5658,therms,,2025,
2021-05-21,FAC002,fuel_oil,1940.505753292473,mwh,,2021,
2025/03/20,SITE_A,lpg,9215.7340016449,therms,,2025,
07/05/2025,FAC001,naturalgas,6822.400090367887,kwh,,,x
08/04/2022,FAC002,lpg,1838.3762242380865,kilowatt-hour,UK,,
05/08/2019,,lpg,1374.2194517015494,kilowatt-hour,,2019,
2025-01-14,,natural_gas,5748.805236838654,kilowatt-hour,,2025,x
2020/08/03,FAC001,diesel_fuel,1443.4289146827552,kwh,UK,2020,
28/01/2025,,lpg,9936.816982105702,KWH,,,
12-17-2025,,fuel_oil,2517.0905886456635,therms,,2025,x
30/09/2025,SITE_A,lpg,661.1126136731797,mwh,EU,2025,x
2025-08-20,FAC001,natural_gas,6162,KWH,,,x
2024/12/19,FAC002,lpg,9580.150694803626,therms,UK,2024,x
01-16-2025,FAC001,biomass,7416,therms,EU,2025,
2025-08-22,FAC002,biomass,3192,mwh,UK,2025,x
11-01-2025,FAC001,naturalgas,4423.480448574057,kilowatt-hour,EU,2025,
2025/03/22,,fuel_oil,4864.3300017723295,KWH,,2025,
2021-05-13,SITE_A,biomass,720,therms,EU,,x
13/11/2025,FAC001,naturalgas,9495.39708642648,KWH,EU,2025,x
03-31-2025,FAC001,fuel_oil,5072.5903771612,KWH,EU,,
06-13-2025,SITE_A,naturalgas,5939.265335954286,kilowatt-hour,,2025,
12/07/2025,SITE_A,natural_gas,8872,kilowatt-hour,UK,2025,
2025/06/20,,biomass,7178,therms,,2025,
2025/07/02,,coal,1974.8033171424845,kilowatt-hour,,,x
2025/03/04,FAC002,naturalgas,3916.30413160108,kilowatt-hour,UK,,
2023/07/17,SITE_A,diesel_fuel,3619.712109704042,mwh,EU,,
2025/06/12,,biomass,8049.016613160504,kwh,EU,,
12-27-2025,FAC002,diesel_fuel,5372.972445100696,KWH,EU,2025,x
2025/03/18,,biomass,2727,KWH,,,
26/10/2025,SITE_A,coal,6195,therms,UK,2025,x
06/04/2023,,lpg,8400.665431777068,mwh,,2023,
2023-02-07,SITE_A,naturalgas,8181,kwh,UK,2023,x
11-17-2025,,fuel_oil,6244,kwh,,,x
2022-02-02,FAC001,natural_gas,7690,therms,UK,,
08-16-2024,SITE_A,coal,3669.3672933391153,kwh,UK,2024,x
2019/11/06,SITE_A,coal,4657,KWH,EU,2019,
2019/08/31,FAC001,coal,4180,mwh,EU,2019,
13/02/2025,,coal,1350.0216433054286,mwh,,2025,x
2024/08/24,,diesel_fuel,6274,therms,,,
11-29-2025,SITE_A,naturalgas,4906,mwh,,,
2025-11-07,FAC002,naturalgas,6197,therms,EU,,x
10-05-2025,FAC001,naturalgas,7080,mwh,UK,2025,x
2024/01/29,SITE_A,lpg,8642.64453425122,mwh,,2024,
2021-03-03,FAC001,lpg,2937,therms,,,x
03/08/2019,FAC002,biomass,5196,mwh,,2019,
2025/12/14,SITE_A,coal,9581,kilowatt-hour,EU,2025,
2025-01-15,FAC001,natural_gas,9540,therms,EU,,
30/04/2025,SITE_A,naturalgas,1469,kwh,,,
03-20-2025,FAC002,biomass,9653,therms,UK,2025,x
,SITE_A,coal,6245.429584433198,therms,,,
2022/01/23,FAC002,lpg,603,kwh,EU,,
06-19-2025,FAC002,lpg,9218.127936885581,kwh,UK,2025,
2025-04-15,FAC001,diesel_fuel,1792.7165371962353,KWH,,,x
2019-08-27,SITE_A,fuel_oil,649,mwh,,2019,
05-19-2023,,natural_gas,5719.2119007694355,kilowatt-hour,UK,2023,
,FAC001,coal,3964,therms,,2025,x
17/08/2023,,biomass,8422.78910683625,KWH,,2023,
2019-05-02,,natural_gas,4828.859864206178,mwh,,2019,x
2024-12-06,FAC002,fuel_oil,7696,kilowatt-hour,UK,2024,
10/03/2020,,diesel_fuel,1300,kwh,,2020,
2024/10/31,,diesel_fuel,8452.928672039678,kwh,UK,2024,
2025-04-19,FAC001,fuel_oil,9783,therms,,2025,
18/10/2025,FAC001,natural_gas,8400,kwh,,,x
,FAC001,coal,1931,therms,,,
09/09/2019,,naturalgas,9362,KWH,,2019,
03-06-2020,FAC002,diesel_fuel,9699,kwh,EU,2020,x
24/03/2023,FAC002,coal,298,kilowatt-hour,UK,,
2025-09-17,FAC001,biomass,1112,mwh,,2025,x
2025-06-17,SITE_A,naturalgas,2596,kilowatt-hour,,2025,x
2025-11-27,FAC002,fuel_oil,3542.882031230193,KWH,EU,,
2019-07-08,FAC001,fuel_oil,6499.255011397205,kilowatt-hour,UK,2019,
09-29-2022,FAC002,naturalgas,8072.764278881642,therms,,,x
20/10/2025,,natural_gas,525.2041105843412,mwh,EU,,
2025-04-08,,coal,8813,kwh,,2025,
2025-03-24,SITE_A,coal,2875,kwh,,,
07-22-2024,,lpg,1542.541697372922,kilowatt-hour,,,x
2019/02/18,FAC001,naturalgas,2748.8356661780017,kilowatt-hour,UK,2019,x
12-03-2025,,natural_gas,7499,mwh,,2025,
07-04-2025,SITE_A,coal,3592,therms,,2025,
26/08/2025,,natural_gas,227.0660043273206,mwh,UK,2025,x
01-25-2019,SITE_A,biomass,4161.438380312691,therms,,2019,x
04-16-2025,FAC002,lpg,7870.953319321089,kilowatt-hour,EU,,
19/09/2023,,fuel_oil,5029,therms,,2023,
23/12/2025,FAC002,biomass,1186.8253751945338,KWH,EU,2025,x
,FAC002,fuel_oil,1449,mwh,EU,,
2025/07/27,FAC001,lpg,6903.609703575101,mwh,,2025,
2025-08-14,,coal,9034.632358966623,kwh,,2025,x
2025-08-31,,biomass,9203,kilowatt-hour,EU,2025,
2019-12-24,,natural_gas,4896,kwh,EU,2019,x
2025/07/02,SITE_A,coal,143,kilowatt-hour,EU,,x
2025-05-08,,naturalgas,8143,therms,UK,2025,x
,FAC002,naturalgas,8903.001158800147,kilowatt-hour,UK,,x
2020/11/12,FAC001,lpg,5693,mwh,EU,2020,x
2022/11/20,FAC001,naturalgas,2662.1008267294274,kilowatt-hour,EU,,
2025/07/20,SITE_A,coal,9169.960659491575,KWH,,,x
12-16-2023,,naturalgas,9554,kwh,EU,,
25/09/2025,FAC001,coal,9897,kwh,,2025,
08-10-2025,FAC001,diesel_fuel,9823.68273328301,kwh,UK,2025,x
2025/04/01,,diesel_fuel,8497.206751651334,kwh,UK,2025,x
2025/02/02,,lpg,4069,KWH,EU,2025,x
06-10-2025,FAC001,diesel_fuel,3609.3084059576877,kilowatt-hour,,2025,x
2025-08-17,,lpg,2342,kilowatt-hour,EU,2025,x
,FAC001,lpg,8831,therms,UK,,
18/01/2023,FAC001,natural_gas,1016.8600485607905,therms,UK,2023,
2025/04/06,SITE_A,lpg,2914.495686433188,KWH,,2025,
2024-07-28,FAC002,biomass,3420.1912783560488,kwh,UK,2024,x
04-10-2025,FAC001,lpg,1617.5045639013576,kilowatt-hour,UK,2025,x
,FAC001,lpg,1043,therms,EU,2025,
2025/07/10,FAC002,fuel_oil,998.4580399142959,therms,,2025,
2021-07-16,SITE_A,naturalgas,7901.595192888706,therms,,2021,x
04-24-2022,FAC002,coal,6274.429735654611,kilowatt-hour,UK,,
,,fuel_oil,1545.8689991245537,kilowatt-hour,UK,,x
12/06/2024,SITE_A,fuel_oil,9457,kwh,,,
11-08-2020,FAC001,lpg,1297.870574875042,kilowatt-hour,,2020,
08/11/2023,FAC001,lpg,9291,mwh,,,
28/06/2025,SITE_A,lpg,7682.473617405321,therms,,,
07-16-2025,FAC002,fuel_oil,2138,KWH,UK,,
04-07-2025,,diesel_fuel,941,kwh,UK,2025,x
12-16-2025,FAC002,natural_gas,3367.8331836641114,kilowatt-hour,EU,,x
03-28-2021,,coal,8214.266112559624,mwh,EU,,x
05-27-2025,SITE_A,lpg,7166,KWH,UK,2025,x
04-05-2024,FAC001,lpg,1379.5961813606425,kwh,EU,2024,x
2025-07-27,,natural_gas,7686,KWH,,2025,
10-13-2025,FAC002,coal,740.4735307076778,kwh,UK,2025,
,,lpg,6276.507740306341,KWH,UK,2025,
03-19-2019,FAC001,fuel_oil,8838,therms,,2019,
2022/12/21,FAC001,naturalgas,175,therms,,2022,
05/05/2024,FAC001,diesel_fuel,9356.148014349974,KWH,EU,2024,
11-13-2019,,diesel_fuel,4469.268343498816,KWH,,2019,
2025/12/11,FAC001,diesel_fuel,1806.0528894930405,kilowatt-hour,UK,2025,x
2025/02/20,SITE_A,biomass,7765,mwh,,2025,x
,,lpg,4114.118101782824,kilowatt-hour,,,
2025-06-10,FAC002,fuel_oil,9860,therms,EU,,
2025-12-03,FAC001,lpg,2775,kilowatt-hour,,2025,x
2024-03-11,SITE_A,diesel_fuel,5655,kilowatt-hour,,2024,
2022/06/10,FAC002,natural_gas,7683,kilowatt-hour,UK,,
08-02-2021,,biomass,6597.625982129103,therms,,2021,
2025/08/18,SITE_A,biomass,1469.0473974930776,kilowatt-hour,EU,,
17/03/2025,FAC001,fuel_oil,2045,kwh,,2025,x
06-03-2025,FAC002,diesel_fuel,7254.080468987904,therms,EU,2025,
2025-07-05,SITE_A,natural_gas,1197,KWH,EU,2025,
10-02-2025,SITE_A,natural_gas,6647,KWH,,2025,x
15/11/2025,FAC001,coal,5981,kilowatt-hour,EU,2025,
2024-10-27,FAC002,lpg,3014.6712465715054,therms,EU,,
2021/06/11,FAC001,diesel_fuel,7074,KWH,,2021,x
01-11-2025,FAC002,coal,1961,kilowatt-hour,,2025,
2025-09-30,,naturalgas,5368.22857656286,kilowatt-hour,UK,2025,x
,FAC001,diesel_fuel,6859,kwh,,2025,
07/04/2025,FAC001,biomass,6368,therms,,2025,
2022/07/19,FAC002,lpg,9070,kilowatt-hour,UK,2022,
06-25-2021,FAC001,biomass,6486,mwh,UK,,
2025-09-30,SITE_A,natural_gas,6890.372625776673,kilowatt-hour,UK,2025,
12-31-2025,SITE_A,lpg,2771.42280149348,kwh,EU,2025,
2023/06/06,SITE_A,naturalgas,321.1038669873567,kwh,,2023,x
2025-01-16,FAC002,biomass,9278,KWH,,2025,x
2023-11-21,,coal,9704,kwh,,2023,x
2025-01-02,FAC002,coal,3486.7409557999563,KWH,UK,2025,x
09-29-2023,FAC001,fuel_oil,4958.670996628327,mwh,,,x
22/11/2020,FAC001,fuel_oil,5691,therms,,,x
,FAC001,diesel_fuel,8676.025465858342,kilowatt-hour,,2024,
2025-06-18,SITE_A,natural_gas,867,kilowatt-hour,,2025,x
2019-11-10,FAC001,biomass,740.928570576863,mwh,,2019,
2021-11-04,,coal,8974,kwh,,,x
06/07/2025,,lpg,631,kwh,,2025,
2020-05-27,FAC001,biomass,826,KWH,,2020,
07-15-2025,FAC002,lpg,1281.8815728709249,kilowatt-hour,EU,,
09-28-2025,FAC002,biomass,9739.557878866848,kilowatt-hour,EU,2025,x
07-08-2019,FAC001,lpg,8822,kilowatt-hour,,2019,x
04-11-2019,FAC001,naturalgas,8748.364228268149,kilowatt-hour,EU,2019,
11-05-2025,,fuel_oil,2852.1118536941876,KWH,,2025,x
03/09/2019,FAC002,biomass,4680.762299708414,mwh,,2019,x
08-26-2025,,biomass,4083.53775256733,KWH,EU,2025,
2024/02/09,FAC002,biomass,1275.6682622001192,mwh,UK,2024,
2025-05-01,FAC002,lpg,5385,therms,,,
08/08/2025,FAC002,biomass,7705.083513502,kilowatt-hour,UK,,
2025/05/29,,fuel_oil,9019.209449220602,kilowatt-hour,UK,2025,
2025-09-27,FAC002,coal,543,kwh,,2025,x
05-18-2019,FAC001,fuel_oil,5016.516016797853,mwh,,,x
2019/05/29,,diesel_fuel,5137.146889528943,therms,UK,2019,x
09/11/2022,SITE_A,lpg,4201.550569451718,mwh,UK,,
2022/03/29,SITE_A,biomass,4898,therms,,2022,
2022/01/21,,coal,3160,kilowatt-hour,,2022,
2025-05-16,FAC002,fuel_oil,3563,therms,EU,2025,
05-10-2025,,lpg,7536.433168969716,mwh,UK,,x
12/06/2025,SITE_A,lpg,8488.800942567632,therms,UK,2025,x
2019-01-26,FAC002,biomass,7490,kwh,,2019,x
2022-01-14,SITE_A,coal,4949,kilowatt-hour,EU,,x
08-13-2021,,natural_gas,5805,kwh,,2021,
02-06-2020,FAC001,biomass,5418.135757928174,kilowatt-hour,EU,2020,x
03/05/2025,,lpg,9733.285066083528,kwh,,2025,
10/08/2019,FAC002,naturalgas,8127.493317475841,mwh,UK,,
07-31-2025,SITE_A,naturalgas,4031.8750761026936,mwh,EU,,
2025/01/16,FAC001,natural_gas,9167.61673089266,kilowatt-hour,,2025,
10/09/2025,FAC002,naturalgas,7718.350355540819,kwh,UK,2025,
2025/03/15,SITE_A,natural_gas,3155.5787049406117,KWH,,,
24/02/2021,,naturalgas,8013,kilowatt-hour,,2021,x
2019-01-03,SITE_A,naturalgas,2767.631885712058,therms,EU,,x
01/10/2025,SITE_A,diesel_fuel,5520.034779391327,KWH,,2025,
2024-06-07,FAC001,fuel_oil,1065,kwh,UK,2024,
,FAC001,coal,4479,KWH,,2025,
09-02-2025,FAC002,fuel_oil,6519,mwh,UK,,
2025-06-18,,coal,3019,kwh,EU,2025,
08-29-2019,SITE_A,fuel_oil,5662,kwh,EU,2019,x
12/04/2025,,coal,789,kilowatt-hour,EU,2025,
2021-06-07,SITE_A,coal,3754,therms,UK,2021,
,SITE_A,coal,1970,kwh,EU,,
,,coal,6638,kwh,,2025,
2025/10/22,FAC001,coal,4162,KWH,EU,2025,
18/02/2025,,lpg,1929.3647006617073,mwh,,,x
2020-03-13,SITE_A,biomass,5178,mwh,UK,,x
2021-05-14,FAC001,biomass,7293.08364072526,kwh,,2021,
08/04/2025,FAC002,fuel_oil,3074,KWH,UK,2025,
2021-03-02,,fuel_oil,9451,mwh,UK,2021,x
15/09/2025,,lpg,306.3122165660295,kwh,,2025,
07-06-2025,SITE_A,biomass,895,therms,UK,,
2024-11-30,FAC002,naturalgas,9414,kilowatt-hour,,2024,x
28/05/2025,FAC001,natural_gas,7915.3484479844765,KWH,EU,2025,
10-06-2025,SITE_A,diesel_fuel,9343.946268712196,KWH,,2025,x
22/07/2025,FAC002,diesel_fuel,6797.633841180619,mwh,,2025,
2025/08/03,SITE_A,natural_gas,159.03065828251093,mwh,,,
25/06/2025,SITE_A,naturalgas,2799.7310159426274,mwh,EU,,x
2019/12/06,,lpg,3548.8323537301553,kwh,EU,2019,
12-03-2023,SITE_A,fuel_oil,2440,mwh,,2023,x
2022-12-27,FAC002,naturalgas,8375,mwh,,2022,
2025-10-18,FAC002,naturalgas,9407,kilowatt-hour,UK,2025,
07-13-2025,SITE_A,coal,3338.3715349476433,kilowatt-hour,,2025,
05-26-2020,FAC002,diesel_fuel,1924,kilowatt-hour,EU,2020,x
2025/10/29,SITE_A,lpg,5695.437867813093,kwh,,,
03/02/2025,FAC002,diesel_fuel,8131,therms,UK,,
29/10/2025,FAC001,diesel_fuel,646.0391462678333,kwh,,,
2022-07-22,SITE_A,diesel_fuel,7431,mwh,,,x
2025/01/01,,lpg,5681.797182990762,kilowatt-hour,,2025,x
2021/11/07,,fuel_oil,6986,KWH,UK,,
,,natural_gas,1882.9983079094754,KWH,UK,2025,x
2021/04/25,,fuel_oil,3158.900364394352,KWH,,2021,x
2022/03/04,FAC001,biomass,2791.0387340344646,KWH,EU,,
2025/02/07,FAC001,coal,8003,kwh,UK,2025,
2025/12/30,SITE_A,fuel_oil,3522,kilowatt-hour,UK,2025,
2019/05/16,SITE_A,natural_gas,5480,kwh,UK,2019,
2022-04-29,FAC001,naturalgas,9746.996863770926,mwh,,,
2025-01-30,,natural_gas,9640.891928302637,therms,,,x
2025/11/24,SITE_A,diesel_fuel,6564,KWH,,2025,
14/01/2020,FAC002,coal,8620,kilowatt-hour,,2020,
2025-11-22,FAC001,diesel_fuel,4153.384569804033,mwh,,2025,
09/03/2025,FAC001,diesel_fuel,4733.201435118681,therms,,,x
05-05-2025,SITE_A,biomass,2341.602502589097,mwh,,2025,x
2025-03-18,SITE_A,diesel_fuel,3990.862610720414,kilowatt-hour,,,x
21/01/2020,SITE_A,naturalgas,9477,mwh,UK,,x
2025/08/23,SITE_A,biomass,4858.418920467929,mwh,EU,2025,
2025-12-05,,naturalgas,7653,therms,,2025,x
26/03/2024,FAC001,naturalgas,3091,mwh,,2024,
2025-03-24,,coal,2713.1483290255137,KWH,,2025,
2025/03/30,,diesel_fuel,438.6906484222907,therms,UK,2025,
,SITE_A,lpg,5196.791155750983,kwh,UK,2023,
05-19-2019,,biomass,3999.273628381416,KWH,,2019,
2020-03-08,FAC002,coal,8406,kilowatt-hour,,2020,
05-31-2025,FAC001,natural_gas,3370,kwh,,2025,
06-28-2025,FAC001,diesel_fuel,377,kwh,UK,2025,
2025-10-15,FAC001,coal,4663.856196853816,KWH,UK,2025,x
10-25-2025,FAC002,natural_gas,6979,kilowatt-hour,UK,,x
04/03/2025,SITE_A,naturalgas,6376,kwh,,,
2025/03/05,,fuel_oil,3313,kilowatt-hour,,2025,
10/11/2025,SITE_A,lpg,6893,mwh,UK,2025,
2023/08/11,,fuel_oil,4997,kilowatt-hour,,2023,
08-20-2019,FAC001,natural_gas,4200.902945239618,therms,EU,2019,x
31/03/2025,SITE_A,biomass,7615,therms,UK,2025,
13/11/2025,FAC002,biomass,4370.195411305542,therms,EU,2025,x
04-01-2025,FAC001,fuel_oil,6488,KWH,,,
2025/12/05,FAC001,fuel_oil,6250,mwh,UK,2025,x
30/01/2025,FAC002,natural_gas,534,kwh,EU,2025,x
2021/03/18,FAC001,coal,6407.242869959881,kwh,,,
2020/04/21,SITE_A,naturalgas,7778.998262416249,KWH,,,
2021/06/26,SITE_A,fuel_oil,4093.8643262307164,kilowatt-hour,,2021,
2022/12/01,FAC001,fuel_oil,6206.962427233806,therms,,,
2025-04-14,FAC001,biomass,9667,kilowatt-hour,,2025,x
2025-12-04,SITE_A,natural_gas,7432,kwh,,,
17/03/2025,FAC001,naturalgas,6667.895010873331,kwh,,2025,x
2021-09-09,FAC002,biomass,9624,therms,UK,,
10-21-2025,,lpg,9212,kilowatt-hour,,2025,
2021/02/06,FAC001,naturalgas,2791,kwh,EU,,x
2025-11-13,,naturalgas,4172.3557124456565,kilowatt-hour,UK,,x
,SITE_A,fuel_oil,8830.127854351533,KWH,EU,2025,
2025/03/06,FAC001,biomass,7024.093443813654,therms,,2025,
,FAC002,lpg,6983.121156017206,mwh,UK,2025,
2025-05-11,FAC001,natural_gas,9029,kilowatt-hour,,2025,
07-12-2025,SITE_A,biomass,1876,mwh,UK,,
2025-08-13,SITE_A,biomass,3452.7250497755344,kilowatt-hour,UK,2025,x
2025/05/24,SITE_A,fuel_oil,8764.998788460516,KWH,UK,2025,
21/12/2024,,lpg,8383,therms,UK,2024,
,SITE_A,lpg,6191.609141357875,mwh,UK,,x
09-18-2025,SITE_A,lpg,5198,kilowatt-hour,,2025,
2025/08/03,FAC001,naturalgas,1691.0097147674246,therms,UK,2025,
2022-02-17,FAC001,biomass,3415.246861559164,kwh,,2022,x
12-29-2023,FAC002,natural_gas,3773.6709363817354,KWH,,2023,
12-18-2024,,biomass,3756.5831391665324,therms,EU,2024,x
2025-12-28,,natural_gas,7740.949660247184,kwh,,2025,
05-21-2025,FAC001,diesel_fuel,8747.717294174598,mwh,,2025,
21/12/2019,SITE_A,naturalgas,1243.8621816267153,therms,EU,2019,
11-06-2024,SITE_A,naturalgas,2121.8550102434956,kwh,UK,2024,
07-28-2021,FAC001,diesel_fuel,9038,therms,EU,2021,x
,FAC002,coal,6922.458425947391,mwh,,2019,x
04/11/2025,,natural_gas,3343.054995104972,KWH,UK,2025,x
2020/10/07,FAC001,diesel_fuel,2702.1164235146994,KWH,,2020,x
17/05/2025,FAC001,fuel_oil,2560.2591804928143,kilowatt-hour,UK,2025,
2025-01-09,,natural_gas,2100,therms,UK,2025,
19/09/2020,SITE_A,naturalgas,271.67720188284,therms,,2020,
01/01/2022,FAC002,coal,4698.433864285023,therms,UK,2022,x
05-24-2019,FAC001,naturalgas,7190.130494401221,therms,UK,,
2025/10/30,,natural_gas,532,kilowatt-hour,UK,2025,
2025-02-09,,lpg,2017,kilowatt-hour,EU,2025,
2025/01/08,SITE_A,naturalgas,8377.570597619502,KWH,,2025,
2020/06/13,FAC002,diesel_fuel,534.773361177363,mwh,UK,,
2024/01/21,,coal,8477.869918541104,kwh,UK,2024,
09-08-2025,FAC001,lpg,4269.287855170278,KWH,EU,,x
2025-09-08,SITE_A,biomass,5597.919743388953,therms,EU,,
2025/03/18,,lpg,9040.708544320174,kwh,UK,2025,
03-01-2020,,naturalgas,7732.932318627409,kilowatt-hour,,2020,
11/05/2025,,diesel_fuel,1190,kwh,EU,2025,x
2021-07-31,SITE_A,naturalgas,9119.312845908962,kwh,EU,2021,
2025-10-22,FAC001,naturalgas,6859,mwh,,2025,
,,fuel_oil,1893,KWH,,,
18/08/2025,FAC001,biomass,7686,mwh,UK,,x
10-07-2025,FAC001,natural_gas,9573.031989143303,kilowatt-hour,UK,2025,
2025/10/14,FAC002,coal,8110,kilowatt-hour,,,
06-30-2025,,naturalgas,5491,KWH,UK,2025,
2022/01/20,FAC002,coal,3346.0389748364755,mwh,,2022,
02-25-2021,FAC001,lpg,3201.7335278400997,mwh,,,x
18/05/2019,FAC002,diesel_fuel,5964,mwh,,2019,
2025/11/04,FAC001,lpg,4752.957663053063,mwh,,2025,
2025-07-20,FAC001,biomass,1475.280130578059,kwh,,,x
,SITE_A,natural_gas,1596.1387257657311,mwh,,2025,x
09-16-2021,FAC001,coal,5902,therms,,2021,x
2025-05-09,SITE_A,biomass,9431.436479824453,mwh,,2025,x
11-19-2025,FAC002,fuel_oil,8943,mwh,UK,2025,
2025-06-19,SITE_A,lpg,5914,therms,,2025,x
17/10/2025,FAC002,fuel_oil,7770,therms,EU,,
,SITE_A,lpg,4060.5621890917864,mwh,,,x
2021/03/10,FAC001,fuel_oil,8079,mwh,EU,2021,
2024/09/19,,coal,9171.852029413465,KWH,,,
2025-09-03,FAC002,lpg,6241.5254187389155,kilowatt-hour,UK,2025,
06-12-2021,FAC002,diesel_fuel,3767,kilowatt-hour,EU,2021,x
2021-01-22,FAC002,naturalgas,9712,KWH,UK,2021,x
10-26-2020,,coal,9697.035032756386,kwh,EU,,x
16/05/2025,FAC001,coal,3351.1855959409268,KWH,,2025,
2025/01/06,,lpg,8796.746241457873,mwh,,2025,
01-14-2025,FAC002,coal,4171.148906801094,therms,UK,2025,
10-24-2022,FAC002,coal,415.28513560818004,therms,EU,,x
2025-03-02,,biomass,3646,kwh,,2025,
2025-02-19,,natural_gas,5936,mwh,,2025,x
01/01/2025,FAC002,diesel_fuel,9086.434369353226,kilowatt-hour,UK,2025,
09/03/2025,SITE_A,fuel_oil,1413.1204869675908,kwh,EU,,x
14/08/2024,,biomass,1443.6805240686167,therms,,,
14/06/2025,,lpg,5993,mwh,,2025,
,FAC001,fuel_oil,6858.3139564500425,KWH,,,x
2024/04/28,SITE_A,naturalgas,9618,kilowatt-hour,,,
18/11/2021,FAC002,diesel_fuel,2876,kwh,,2021,x
09-22-2025,SITE_A,lpg,3431.159617982298,KWH,,,
02-12-2021,SITE_A,coal,8636,kilowatt-hour,,,
2025-08-28,,diesel_fuel,7760.3057330864,KWH,UK,2025,x
2021-03-20,FAC001,natural_gas,7413,KWH,UK,,x
2025/08/31,FAC002,diesel_fuel,2989.324818350972,kilowatt-hour,,2025,x
2025/01/21,SITE_A,diesel_fuel,6250.723931967519,KWH,,2025,
12-27-2025,SITE_A,biomass,4435,therms,UK,2025,
2019/06/16,FAC001,coal,1725,KWH,EU,2019,
2023/07/01,SITE_A,natural_gas,1403.9520786263695,KWH,UK,2023,x
,,coal,7761.007576994242,kilowatt-hour,,2020,
11-01-2025,,naturalgas,6331,mwh,EU,,x
2022-11-14,FAC001,naturalgas,200,therms,,2022,
,FAC002,lpg,398.2784386212485,mwh,EU,,
2025/02/19,FAC002,coal,5419.005053797188,kwh,EU,,x
2025/10/08,FAC001,coal,3656,KWH,,,
2025-09-22,FAC001,lpg,1500.3078962980453,therms,UK,2025,
10/11/2021,FAC001,natural_gas,3040.6385260589545,kilowatt-hour,,2021,
,SITE_A,lpg,7375.585056412187,KWH,,2025,
2019-10-17,FAC002,naturalgas,8142,therms,UK,2019,
2025/07/25,FAC002,diesel_fuel,5035.348780621094,therms,,,
05-03-2019,FAC001,fuel_oil,3001.296299589177,kilowatt-hour,,2019,x
2025-12-01,,coal,5101,kwh,,,
2021-02-02,FAC001,diesel_fuel,9241.865226173975,kilowatt-hour,EU,2021,
,FAC001,naturalgas,8068.652200438331,KWH,UK,2025,x
2023-11-24,SITE_A,coal,1813,KWH,EU,2023,
01-14-2023,SITE_A,naturalgas,7699,KWH,,2023,
2024-08-24,FAC001,lpg,6951.117161790989,kwh,,2024,
29/08/2021,SITE_A,coal,6830,mwh,,2021,
13/09/2023,SITE_A,natural_gas,1241,kwh,,2023,
27/05/2025,,diesel_fuel,3374,mwh,EU,2025,
2021-12-27,FAC002,naturalgas,6350,kilowatt-hour,,2021,
13/07/2019,,diesel_fuel,2487.253113476248,KWH,EU,2019,
2025-04-05,SITE_A,coal,968.9843987844412,KWH,,2025,x
2025-11-03,SITE_A,lpg,9471.100418692375,KWH,,2025,
2025/03/30,,biomass,1134,KWH,EU,2025,x
22/04/2022,FAC001,lpg,6833,kilowatt-hour,,2022,x
2025/10/08,,fuel_oil,4085.6498583052307,KWH,,2025,x
25/04/2023,SITE_A,biomass,8129,therms,UK,,x
01-06-2019,,naturalgas,6283.343354491101,mwh,,2019,x
,,coal,8402,KWH,EU,2022,
16/12/2024,FAC001,natural_gas,7658.959958970052,kilowatt-hour,UK,2024,
2025-11-20,FAC002,coal,1895,mwh,,,x
11/12/2025,FAC002,fuel_oil,5724,KWH,,2025,x
21/04/2023,,coal,6686,mwh,,2023,x
2025-10-22,,coal,1063,kilowatt-hour,,2025,
04-01-2019,FAC001,biomass,8471,kwh,,2019,
28/07/2025,,naturalgas,3427.357347948531,KWH,UK,,x
12/06/2025,,fuel_oil,2951,kwh,,2025,
02/08/2023,,naturalgas,9052.971257657562,kilowatt-hour,UK,,x
2025/01/18,SITE_A,naturalgas,7640.149946506656,therms,,,
12-08-2025,FAC001,diesel_fuel,2849,therms,,,
2020-12-29,FAC002,natural_gas,1929,kwh,,,x
,FAC001,lpg,2227,mwh,,2025,x
,SITE_A,natural_gas,1419,kilowatt-hour,UK,2025,
,SITE_A,naturalgas,5418,therms,,,
2023-03-26,SITE_A,lpg,9230.300222179896,KWH,UK,2023,x
2025-10-19,FAC001,lpg,4530,therms,,2025,
2025/03/17,,fuel_oil,6580.767928271246,kwh,EU,,x
2020-06-06,FAC002,diesel_fuel,9572,kwh,EU,2020,
2024/09/16,SITE_A,biomass,7951,kilowatt-hour,,2024,
27/01/2020,,lpg,4630,KWH,UK,2020,
08/05/2025,FAC001,fuel_oil,9841.432009026152,mwh,UK,2025,x
28/09/2025,FAC002,lpg,1202.3137631100003,KWH,EU,2025,
2025-12-21,,diesel_fuel,4769.668230759507,KWH,,,
08-14-2025,FAC002,fuel_oil,9730,kwh,EU,,x
,FAC001,fuel_oil,2619,therms,,2025,
2021-09-08,FAC001,lpg,8448,KWH,,,x
2025-06-11,FAC002,diesel_fuel,6522,therms,EU,2025,
2022-01-09,,naturalgas,7482.775078163824,KWH,UK,,
09/03/2023,SITE_A,naturalgas,132,mwh,,2023,
2024/08/01,,naturalgas,1749.8911333757226,kwh,,2024,
2025-10-08,FAC002,lpg,2249,kilowatt-hour,,,
23/08/2023,,coal,5430,therms,,,x
12/06/2021,,lpg,2417,therms,EU,,
15/02/2023,SITE_A,diesel_fuel,5365.918424750546,KWH,EU,2023,x
2025-09-15,FAC002,lpg,7231.582102475633,KWH,,2025,x
15/12/2025,FAC001,lpg,5667,KWH,,2025,
2025-08-14,FAC001,natural_gas,2631,kwh,,2025,x
06-23-2025,FAC002,lpg,2750,KWH,EU,2025,x
2020/10/26,SITE_A,fuel_oil,7929.440860601814,kilowatt-hour,UK,,
14/08/2021,FAC001,coal,4889,mwh,UK,2021,
13/01/2025,FAC002,lpg,2864,mwh,,2025,
2022-02-01,,diesel_fuel,8963.13125746351,kilowatt-hour,UK,2022,
05-16-2019,,natural_gas,7038,kwh,UK,2019,
2024-01-29,,fuel_oil,6182.6567598741585,kwh,,,
09-18-2025,,naturalgas,6170.149268793605,kwh,UK,2025,
2025-04-13,SITE_A,natural_gas,2887.2452804005416,kwh,EU,,
,SITE_A,coal,9707.587438275257,KWH,UK,,
2025/06/29,,fuel_oil,7373.375740299139,therms,,2025,
2019-01-18,FAC001,lpg,7883,therms,,,x
25/10/2022,,naturalgas,2151,KWH,UK,,x
03-14-2025,FAC002,natural_gas,6732.661426853943,KWH,,2025,
09-01-2024,FAC001,coal,2349,KWH,,2024,
04-29-2021,SITE_A,diesel_fuel,4163,KWH,UK,2021,
23/11/2023,,biomass,5416,KWH,,,
28/09/2019,FAC002,biomass,6273.129517771679,mwh,UK,2019,
12-05-2022,FAC001,fuel_oil,5227.5935890980745,therms,EU,,
2024-10-10,,natural_gas,8272,mwh,,,
2019/09/22,SITE_A,naturalgas,5135.987369261155,therms,EU,,
2021/08/05,,coal,2857.7392758767596,kwh,,,x
2025-03-20,FAC002,fuel_oil,2046.642409707087,kilowatt-hour,EU,,
2025/08/31,FAC001,fuel_oil,9914,kilowatt-hour,EU,2025,x
,FAC002,biomass,1867.9788645360281,KWH,UK,2025,
07-23-2024,FAC002,biomass,4491.613629418328,kwh,UK,2024,x
05-11-2022,FAC001,fuel_oil,1927,therms,EU,,
,FAC002,coal,2160.8543699648403,kwh,,2020,
2025-11-29,FAC001,biomass,3930.8609334774756,kwh,,2025,
2024/01/24,SITE_A,naturalgas,1352.685864434501,mwh,,2024,
26/12/2025,FAC001,fuel_oil,6825.7181538123095,therms,,,
10-28-2020,FAC002,lpg,3066.509126462752,kilowatt-hour,UK,,
07-03-2023,,lpg,8887.246876057792,kwh,EU,,
13/01/2025,FAC002,diesel_fuel,7790,KWH,UK,,
03/07/2025,FAC001,lpg,8086.733289548965,KWH,,,x
2021-06-29,FAC002,biomass,8922,therms,EU,2021,x
2025-09-06,FAC001,diesel_fuel,8201,therms,EU,2025,
25/09/2023,FAC001,biomass,4060.826398988345,KWH,UK,2023,
2025-01-25,,diesel_fuel,5688,therms,EU,2025,
30/09/2025,SITE_A,naturalgas,776,kilowatt-hour,EU,2025,x
04-19-2024,FAC002,coal,7277.676128822037,mwh,,2024,x
03/02/2023,,biomass,9767.183386803532,therms,,2023,
30/10/2025,SITE_A,lpg,497.4065411259715,kwh,UK,2025,x
2020-11-14,,diesel_fuel,2640,therms,UK,2020,
07/11/2025,FAC001,natural_gas,2260.1947061338287,kilowatt-hour,,2025,
08/07/2025,SITE_A,coal,9277,kilowatt-hour,,2025,x
2025-05-29,FAC001,diesel_fuel,375.7810842471415,kilowatt-hour,,2025,
2025-06-30,SITE_A,natural_gas,5052,mwh,,2025,
,,natural_gas,3676.3408408504874,kilowatt-hour,UK,2019,x
2020/11/09,,naturalgas,3326.8728963744034,mwh,EU,,x
01-21-2025,SITE_A,natural_gas,2432,kwh,,2025,
04-10-2021,FAC002,natural_gas,3433,kilowatt-hour,EU,,x
2023-03-03,FAC002,natural_gas,5114.52404875898,kilowatt-hour,UK,2023,
10/02/2025,,biomass,691.9385093538451,kilowatt-hour,EU,,
2019/05/20,FAC001,natural_gas,9815.960427700838,kilowatt-hour,EU,2019,x
12/12/2022,FAC001,coal,6988.908493228589,kwh,,2022,
,,natural_gas,4112,therms,EU,2020,
2025-02-25,SITE_A,natural_gas,3326,kwh,,2025,
2020/06/21,FAC002,biomass,1389.1762280309115,mwh,EU,2020,
16/11/2019,FAC001,lpg,5999,kwh,,2019,
2021-12-30,FAC002,natural_gas,6954,kwh,,2021,
,FAC001,fuel_oil,5122.3995819193315,kilowatt-hour,,2025,
25/09/2025,,biomass,2503,KWH,,2025,x
2021/03/06,SITE_A,naturalgas,8968,therms,,2021,x
05-17-2022,SITE_A,diesel_fuel,1532.6141087871833,mwh,EU,2022,x
08-16-2025,,lpg,4801.674725405563,kwh,UK,2025,
26/08/2025,SITE_A,fuel_oil,4865.359106189781,therms,EU,2025,
2019-03-20,FAC002,biomass,2337,therms,EU,2019,
2025-12-13,FAC002,natural_gas,5850.567749038584,mwh,,2025,
01-27-2025,FAC002,natural_gas,1265.6946931577656,kilowatt-hour,,2025,
12-01-2020,,natural_gas,404.70506617922746,therms,,2020,
10/08/2019,FAC002,naturalgas,2088.555672495812,kwh,,,
01-30-2025,FAC001,biomass,800.2850067035788,therms,UK,,x
2019/01/13,SITE_A,natural_gas,7756.109735958385,KWH,EU,2019,x
2021/04/27,,fuel_oil,1933.1526714887448,mwh,UK,,x
05/08/2023,,diesel_fuel,4022,kilowatt-hour,,,x
2025-05-18,,lpg,2035,therms,EU,2025,
2024/02/15,FAC001,fuel_oil,2488.9935433823143,therms,,2024,
2025-09-02,SITE_A,lpg,3543.2931294894756,mwh,UK,,
04-15-2022,,lpg,8768.058470341164,mwh,UK,,x
2019-07-13,FAC002,fuel_oil,4302.802786950396,kwh,,,
2021/09/16,,biomass,2682.1106896399965,KWH,,2021,
01-01-2025,SITE_A,naturalgas,7664,mwh,,2025,
25/01/2025,FAC002,biomass,7327,KWH,UK,2025,
2025-10-20,,fuel_oil,356,mwh,EU,2025,
2025-07-15,FAC002,biomass,3341.505134189427,therms,UK,2025,x
2019/04/16,FAC001,diesel_fuel,7695.677900424014,therms,EU,,
2025/07/20,FAC002,coal,4117,kilowatt-hour,UK,2025,
2025-06-16,,lpg,3240.221911236121,kwh,UK,2025,
18/09/2025,SITE_A,coal,8715,therms,,,
,,naturalgas,2387.5272565404434,KWH,,,
01/06/2019,FAC002,biomass,6334.1094013284555,therms,UK,,x
2021/07/05,,diesel_fuel,8868.996102128545,kwh,,2021,x
2021/04/03,SITE_A,biomass,3313,mwh,,2021,
2022-09-19,SITE_A,natural_gas,7340,KWH,,2022,
2022-12-16,FAC001,naturalgas,931.7310062160107,kwh,UK,2022,x
2025/06/04,,fuel_oil,8816.810285633766,kilowatt-hour,,2025,
2023-04-15,FAC002,biomass,6403,mwh,,,
2025/09/09,FAC002,coal,7721,kilowatt-hour,,,
07-25-2025,,natural_gas,1254.0687234691027,kilowatt-hour,EU,2025,
22/02/2021,FAC001,natural_gas,6519,therms,EU,2021,x
2025-08-15,FAC002,lpg,5761,kilowatt-hour,,2025,
04-13-2025,FAC002,coal,9482,kwh,UK,2025,x
11/10/2025,FAC001,coal,4293.041143320243,kilowatt-hour,UK,2025,
28/11/2025,FAC001,lpg,7236,KWH,EU,2025,
07-18-2021,FAC001,coal,3676.36648258945,therms,EU,2021,
2025/02/18,SITE_A,biomass,2823.7546070082917,mwh,EU,2025,x
2025-11-23,,fuel_oil,3854,mwh,,,
2025/02/27,,lpg,9575.3962231952,mwh,,2025,
17/02/2025,FAC001,diesel_fuel,5420,KWH,EU,,x
2021-04-20,FAC001,natural_gas,7387,kwh,,2021,
2020-04-12,FAC002,diesel_fuel,9080.087736572723,kilowatt-hour,,2020,x
2025-12-07,FAC002,diesel_fuel,4174.913452745512,therms,UK,2025,
2025-03-06,,natural_gas,5933,therms,,2025,
11-21-2020,SITE_A,natural_gas,6123,KWH,UK,2020,x
2019-02-24,,naturalgas,1387,KWH,UK,2019,x
29/08/2023,FAC002,natural_gas,3790,kwh,,,
07-28-2025,FAC002,lpg,1525,kilowatt-hour,UK,,
2025/07/18,SITE_A,naturalgas,1961,KWH,,2025,
2025-12-24,SITE_A,natural_gas,8323,kilowatt-hour,,2025,x
06-11-2025,SITE_A,coal,9080,kwh,,2025,
2025-10-07,SITE_A,naturalgas,4601,mwh,UK,2025,
09/03/2025,,lpg,838.7858633748726,mwh,,2025,
2019/04/14,FAC001,biomass,5129,kilowatt-hour,,2019,x
06-06-2020,SITE_A,coal,6210.881593164063,therms,UK,2020,x
06-10-2025,FAC002,biomass,6048.211094208616,KWH,UK,2025,
2021/10/22,FAC001,naturalgas,7046,kwh,,,
03-07-2025,,coal,2671,kwh,EU,,
2025/12/26,FAC001,natural_gas,7733.245225152607,mwh,EU,2025,
2022/03/26,FAC001,naturalgas,3288,kilowatt-hour,,2022,
2022-04-04,,fuel_oil,5287,therms,,2022,
2024-11-16,FAC002,natural_gas,9292.07094113857,kwh,,2024,
07-12-2025,SITE_A,biomass,4377.130389886125,KWH,EU,2025,
2023/02/02,FAC002,biomass,2172.607039736783,mwh,,2023,
2023-05-28,SITE_A,diesel_fuel,3293,kwh,,,
28/05/2024,FAC002,fuel_oil,6213.6608251630405,kilowatt-hour,UK,2024,
13/10/2025,FAC002,natural_gas,9075,therms,EU,2025,
2023-12-11,SITE_A,lpg,2227,kilowatt-hour,EU,2023,
2020-01-28,SITE_A,lpg,6055.3711417159375,therms,UK,,
22/11/2025,FAC002,fuel_oil,4242,KWH,,,
2025-10-19,SITE_A,fuel_oil,5773.331105720805,mwh,,2025,x
2021/04/29,,lpg,2043.9749131913472,KWH,,2021,
03-28-2019,,lpg,7543.335588584106,KWH,EU,2019,
04-28-2025,FAC002,fuel_oil,5076,mwh,,2025,x
03-02-2025,,diesel_fuel,7671,kwh,,,
23/06/2021,FAC002,fuel_oil,3716,kilowatt-hour,,,x
2024-04-08,FAC001,natural_gas,8311.378391519478,therms,,2024,x
2023-04-15,FAC001,diesel_fuel,791.4781168602174,therms,EU,2023,
2023/03/26,FAC001,fuel_oil,8008.921347014312,therms,UK,2023,x
18/02/2020,FAC002,lpg,7211,therms,EU,2020,x
10/11/2023,FAC002,diesel_fuel,1118.6316786747484,kwh,,2023,x
18/01/2020,FAC002,fuel_oil,7228,kilowatt-hour,,2020,x
,,coal,7753,mwh,EU,2025,
2023-04-01,,coal,512,kwh,,2023,x
08/01/2023,FAC001,naturalgas,1583.4613818305538,kwh,,2023,x
12-23-2025,FAC002,fuel_oil,571.4644644116158,KWH,,2025,
2022-11-12,FAC001,coal,5729.0029951625265,kwh,,2022,
2020-12-20,FAC001,coal,5516,kilowatt-hour,EU,2020,
2025-06-09,,naturalgas,6430,KWH,EU,,
,FAC002,coal,6755,kwh,UK,,
2025/04/14,FAC002,naturalgas,9573,kwh,,2025,
06-25-2025,SITE_A,biomass,7115,KWH,EU,2025,x
03/09/2021,FAC002,coal,4717.624334558672,KWH,,2021,
,,biomass,3022.759111600387,kilowatt-hour,,,x
2023-03-19,,natural_gas,3212,kilowatt-hour,UK,,
2025/11/11,FAC001,lpg,4164,kwh,,2025,
2020-09-24,FAC002,lpg,2618,mwh,,2020,x
,SITE_A,biomass,4990.126340022761,mwh,UK,,x
05-20-2021,FAC001,biomass,4948.153227992152,therms,,2021,
2020-09-25,,natural_gas,6998.877991898242,KWH,UK,2020,
21/07/2025,FAC001,biomass,7347.43306327463,kwh,UK,,
2024/11/02,FAC001,lpg,5742,mwh,UK,2024,x
2019/02/11,FAC001,diesel_fuel,5564,KWH,UK,2019,
07-13-2022,SITE_A,biomass,2517.7254652661795,kwh,UK,,x
09-17-2025,FAC002,biomass,4897.834515075674,mwh,EU,2025,
25/07/2025,FAC002,naturalgas,9023.754158743383,mwh,UK,,x
2020-03-03,SITE_A,biomass,1791.8433646051944,kwh,EU,2020,
2025/05/05,FAC001,lpg,9951,KWH,UK,2025,
2025-03-13,FAC001,natural_gas,7348,KWH,,2025,x
2020-09-01,FAC002,diesel_fuel,5214,KWH,,,
02-13-2022,SITE_A,natural_gas,6951,kwh,EU,2022,x
,SITE_A,coal,2814.322524563223,kwh,UK,,x
2025/05/06,,lpg,2346.3955149332783,kilowatt-hour,UK,2025,
28/10/2023,FAC001,naturalgas,8040.610895446578,kwh,UK,2023,
01/02/2021,SITE_A,diesel_fuel,4874,kilowatt-hour,EU,,x
2025/08/18,FAC002,biomass,8835,kilowatt-hour,,2025,x
,SITE_A,diesel_fuel,5033.687903181792,KWH,,2025,x
2024/10/28,SITE_A,naturalgas,6729,therms,EU,,
14/09/2024,FAC002,coal,6465.410442468242,kilowatt-hour,,2024,
10/11/2025,,natural_gas,6445,mwh,,,
2025/12/10,,fuel_oil,6674.65962024741,kilowatt-hour,,2025,
2022/02/05,FAC001,coal,3839.3007941492706,therms,EU,2022,
2021-08-10,,natural_gas,8783.944288479961,KWH,EU,2021,
12-06-2025,,coal,1954.918151556292,kilowatt-hour,,,
11-29-2023,FAC002,lpg,3094,mwh,UK,2023,
2021/09/01,FAC002,coal,3190.9171406141036,mwh,EU,2021,
2020/04/09,FAC001,biomass,9439,kwh,UK,2020,
2025-01-15,FAC001,coal,3002,mwh,UK,,x
06-08-2022,FAC001,naturalgas,3189.9848908710596,therms,,2022,
29/01/2025,,natural_gas,3875,kilowatt-hour,UK,2025,
2023-12-29,FAC002,coal,4409.732951530622,mwh,EU,2023,
2025/04/04,FAC001,coal,2274,kilowatt-hour,UK,2025,x
06/12/2022,,coal,3366.4203814203006,kilowatt-hour,,2022,
2025/07/17,,diesel_fuel,6825.638538211626,kwh,,,
05-29-2021,SITE_A,lpg,4531.309633349384,kwh,UK,,x
2025/09/04,,lpg,1953.5986664374268,KWH,EU,2025,x
19/12/2024,SITE_A,fuel_oil,7328,therms,,,
2023/01/10,SITE_A,diesel_fuel,702,kwh,,2023,x
01-15-2025,,coal,9008.259264266446,KWH,,,
2025/09/30,,lpg,7127.245374431075,KWH,UK,,x
,FAC001,naturalgas,565.9976204122552,kilowatt-hour,EU,2021,x
2025/06/05,FAC002,natural_gas,2360.7929549780374,mwh,,2025,
2025-04-09,FAC002,natural_gas,5980.533896038589,kwh,UK,,
11-03-2019,FAC002,fuel_oil,9808.59246464283,therms,UK,2019,
2025/05/28,FAC001,biomass,4820.184082559436,mwh,,,x
01-28-2021,FAC002,biomass,5473,therms,UK,,
25/02/2021,FAC002,naturalgas,6999.854373639914,kwh,UK,2021,
17/04/2025,,fuel_oil,2171,kwh,UK,,
2025/10/04,FAC001,natural_gas,4298.48105681313,kilowatt-hour,UK,2025,x
06-26-2022,SITE_A,natural_gas,5220,therms,,2022,
,FAC001,coal,1888.8885536961825,mwh,EU,2025,x
2021-09-03,FAC001,natural_gas,141.76496415268093,therms,UK,2021,x
02/01/2023,,fuel_oil,2142.452801742578,kwh,UK,2023,
2019/08/13,,diesel_fuel,1310.9516718647228,kilowatt-hour,,2019,
25/04/2025,FAC001,biomass,8238,kwh,EU,2025,
2023/10/14,,diesel_fuel,7423,KWH,EU,2023,
,SITE_A,natural_gas,4450,KWH,,2022,
12/06/2022,SITE_A,naturalgas,6333,KWH,EU,2022,
2020/05/19,SITE_A,lpg,1622.285190453452,mwh,UK,,x
2024/05/01,,biomass,8836,mwh,UK,2024,x
07-20-2025,FAC002,coal,6443,therms,UK,,
12-08-2025,FAC002,lpg,832.868277516949,kwh,,,x
2025-08-18,FAC001,fuel_oil,7140,KWH,,,x
06/01/2025,SITE_A,lpg,1326.5601554963855,kilowatt-hour,,2025,
2025/03/12,SITE_A,natural_gas,8224,KWH,,2025,
2020-08-01,,natural_gas,7214.525732162513,KWH,EU,,
11-17-2025,FAC001,natural_gas,1280,KWH,UK,2025,x
10-15-2024,FAC002,natural_gas,5058,kilowatt-hour,,2024,
05-03-2024,SITE_A,coal,2357.7669362668958,mwh,UK,,
,FAC001,natural_gas,9376.549556012622,kwh,EU,2025,
02-15-2025,FAC002,biomass,7601.70560219223,therms,,,
01-17-2023,FAC001,lpg,1168.9451023667596,mwh,,2023,
01-21-2025,SITE_A,natural_gas,7784.820290140816,KWH,,2025,x
2024-12-08,FAC002,fuel_oil,9890.007689980554,therms,,2024,
,,fuel_oil,6097,KWH,UK,2025,
2020-10-29,FAC002,fuel_oil,9343,KWH,EU,2020,
,FAC002,natural_gas,6887,kwh,UK,2025,
2025-10-27,FAC002,coal,7499,kwh,,,
24/11/2025,FAC002,coal,6032.4185705423015,mwh,,2025,
2025/12/16,FAC002,lpg,8432,mwh,EU,2025,x
2025/11/12,FAC002,fuel_oil,6456,KWH,EU,,
01/06/2025,,fuel_oil,8205.163505973822,mwh,UK,2025,
2025/06/14,SITE_A,natural_gas,2362.1223146812285,kwh,EU,2025,x
2025/12/28,,lpg,2782,kilowatt-hour,EU,,x
02-02-2020,,diesel_fuel,8941,mwh,,2020,x
2025-06-26,SITE_A,diesel_fuel,2423.843264179204,KWH,EU,2025,
2020-04-24,,naturalgas,9931.924377498817,KWH,UK,2020,
2020/12/10,,biomass,1514,kilowatt-hour,,2020,
2019/04/13,FAC001,fuel_oil,7677.811769813909,therms,,2019,
2025-12-02,FAC001,lpg,4720,kilowatt-hour,EU,,
06-30-2025,FAC002,diesel_fuel,1286,therms,,,
2025/08/04,SITE_A,diesel_fuel,3438,mwh,,2025,
03-20-2025,FAC002,diesel_fuel,597.420594187261,therms,EU,,x
30/10/2019,FAC002,natural_gas,7344,mwh,UK,,
2022/08/21,SITE_A,lpg,574.7218949528879,therms,,2022,x
06-02-2022,FAC001,natural_gas,6140.0445572493445,KWH,UK,2022,
01-15-2025,FAC002,biomass,2531.429312422715,kilowatt-hour,,,
23/12/2023,FAC001,diesel_fuel,4164,mwh,,2023,x
2023/03/09,FAC002,biomass,8953,mwh,UK,2023,x
2020-05-07,FAC001,natural_gas,591,kilowatt-hour,,2020,
2025-03-06,SITE_A,natural_gas,1613.555074933213,mwh,UK,2025,
2021/09/20,FAC001,natural_gas,3282,KWH,EU,2021,
2025/03/24,FAC001,lpg,1490,kwh,,,
2025-05-01,SITE_A,coal,8701,kwh,,,
16/12/2025,SITE_A,coal,4043.614712302041,kwh,UK,2025,
2019/03/03,SITE_A,lpg,2951.530132580712,kwh,,2019,x
,,natural_gas,9430.671878404015,mwh,EU,,
02/08/2024,FAC001,coal,8478.173653008971,kilowatt-hour,,2024,x
2025-06-05,,fuel_oil,2754.599800408928,kilowatt-hour,,,
2025/06/14,SITE_A,coal,1389.5198950700576,mwh,,2025,
18/12/2024,FAC002,diesel_fuel,7349,KWH,EU,,
25/09/2025,SITE_A,naturalgas,6376,kwh,,2025,
,FAC002,biomass,6122,kilowatt-hour,UK,2023,
02-02-2025,FAC002,natural_gas,5368,KWH,UK,,
06-20-2022,SITE_A,diesel_fuel,6261,KWH,,2022,x
10-17-2024,FAC001,biomass,747,mwh,,2024,
2025/09/06,SITE_A,coal,5773,mwh,,2025,x
,FAC001,biomass,3583.005219372183,mwh,UK,2020,
20/09/2020,SITE_A,naturalgas,3114.0924422807793,mwh,UK,2020,
,,naturalgas,2210,kwh,UK,2021,x
2025/10/19,SITE_A,coal,4502,therms,EU,2025,x
24/01/2023,FAC002,coal,1941,therms,EU,,
27/10/2022,FAC002,natural_gas,1557,KWH,,2022,
2025/12/10,SITE_A,natural_gas,4971.480257773533,therms,EU,2025,
2025/04/17,FAC001,lpg,2240,therms,,2025,
08/05/2021,,coal,1907,KWH,EU,,
25/04/2022,FAC002,natural_gas,3620.7631158022195,mwh,EU,2022,
2025-12-07,FAC002,lpg,1560.6821849324676,mwh,UK,,
,SITE_A,diesel_fuel,1814.0365978491752,mwh,EU,2025,
19/02/2023,,biomass,9371.808259133852,KWH,UK,2023,
03-03-2025,,fuel_oil,7382.422282945528,kwh,,2025,x
2021/05/09,FAC002,natural_gas,4113,kilowatt-hour,UK,2021,
2025/05/17,SITE_A,biomass,9737,kilowatt-hour,EU,2025,
2022-08-13,SITE_A,coal,3353.1151656363786,therms,EU,2022,
05-20-2020,SITE_A,diesel_fuel,7070.5726176170565,KWH,EU,2020,x
08-18-2020,FAC001,lpg,4456,kwh,,,
,,coal,1534.6120584722396,kilowatt-hour,EU,,
06-12-2024,SITE_A,natural_gas,215.1506358961578,kwh,UK,2024,x
2023/11/20,,biomass,7948.8188053654085,KWH,,2023,
09-16-2019,FAC001,biomass,3763.248724722415,KWH,,2019,x
21/09/2019,SITE_A,lpg,2637.176857965522,KWH,,2019,
05/08/2024,,diesel_fuel,7053,kilowatt-hour,,2024,
2025-04-25,FAC001,lpg,3704.359078858842,KWH,,2025,
2022-08-02,FAC002,diesel_fuel,8414,kilowatt-hour,,2022,
2025-01-20,FAC002,naturalgas,9125,kwh,,2025,
2024/04/04,FAC001,biomass,3039,therms,,,x
11-05-2025,FAC001,natural_gas,7110,KWH,UK,2025,x
01-31-2025,FAC002,biomass,9032,mwh,,2025,
